id,x_coord,y_coord,hidrologia,suelo_hidrico,vegetacion_hidrofita,presion_urbana,humedal_real_simulado,nivel_ruido,hidrologia_obs,suelo_hidrico_obs,vegetacion_hidrofita_obs,criterios_reales,criterios_observados
1,77.4,6.21,1,0,1,46.76,1,0.15,1,0,1,2,2
2,43.89,45.83,1,0,1,80.69,0,0.15,1,0,0,2,1
3,85.86,12.9,0,1,1,73.74,0,0.15,0,1,1,2,2
4,69.74,15.23,1,1,1,35.05,1,0.15,1,1,1,3,3
5,9.42,63.23,0,0,1,59.75,0,0.15,0,1,0,1,1
6,97.56,39.29,0,1,1,89.59,1,0.15,0,1,1,2,2
7,76.11,92.19,0,1,1,88.4,0,0.15,0,0,1,2,1
8,78.61,31.92,1,1,1,95.94,1,0.15,1,1,1,3,3
9,12.81,72.62,0,0,1,50.04,1,0.15,0,1,0,1,1
10,45.04,46.11,0,0,1,100.0,0,0.15,0,0,1,1,1
11,37.08,66.0,0,0,1,74.11,0,0.15,1,0,1,1,2
12,92.68,59.97,0,0,1,85.53,0,0.15,1,0,1,1,2
13,64.39,47.28,1,0,0,57.63,0,0.15,1,0,0,1,1
14,82.28,95.01,0,1,1,100.0,0,0.15,0,1,1,2,2
15,44.34,34.27,1,1,1,47.05,1,0.15,1,0,0,3,1
16,22.72,17.72,1,1,1,39.33,1,0.15,1,1,1,3,3
17,55.46,67.81,0,0,1,96.36,0,0.15,0,1,1,1,2
18,6.38,84.6,0,0,0,82.13,0,0.15,1,0,0,0,1
19,82.76,4.03,1,1,0,100.0,0,0.15,1,1,0,2,2
20,63.17,44.96,1,1,1,54.0,1,0.15,1,1,1,3,3
21,75.81,89.25,0,1,1,80.14,0,0.15,0,1,1,2,2
22,35.45,74.96,0,1,1,69.91,0,0.15,1,1,1,2,3
23,97.07,99.18,0,1,1,98.79,0,0.15,0,1,0,2,1
24,89.31,53.14,1,1,0,100.0,0,0.15,0,1,0,2,1
25,77.84,66.0,0,1,0,87.35,0,0.15,1,1,0,1,2
26,19.46,30.25,1,0,0,98.46,0,0.15,1,0,0,1,1
27,46.67,94.75,1,1,1,70.02,1,0.15,1,0,1,3,2
28,4.38,36.63,1,1,1,41.34,1,0.15,1,0,1,3,2
29,15.43,73.85,0,0,1,79.12,0,0.15,0,0,1,1,1
30,68.3,40.31,1,1,0,88.37,1,0.15,1,1,0,2,2
31,74.48,56.18,1,0,1,94.59,1,0.15,1,1,1,2,3
32,96.75,71.98,0,1,1,100.0,0,0.15,0,1,1,2,2
33,32.58,50.89,1,0,1,52.56,1,0.15,1,0,1,2,2
34,37.05,90.71,0,0,1,67.79,0,0.15,0,1,1,1,2
35,46.96,41.93,1,0,1,82.96,0,0.15,1,1,1,2,3
36,18.95,64.71,1,0,1,75.52,1,0.15,1,0,1,2,2
37,12.99,34.24,0,0,1,54.19,1,0.15,0,0,1,1,1
38,47.57,40.82,1,1,0,63.17,1,0.15,1,1,0,2,2
39,22.69,44.01,1,0,1,68.5,0,0.15,1,0,1,2,2
40,66.98,12.58,1,1,0,73.5,0,0.15,1,1,0,2,2
41,43.72,9.17,1,1,1,52.33,1,0.15,1,1,1,3,3
42,83.27,66.75,1,0,1,66.98,1,0.15,1,0,1,2,2
43,70.03,65.55,1,0,1,89.0,1,0.15,1,0,1,2,2
44,31.24,66.29,1,0,0,65.97,0,0.15,1,0,0,1,1
45,83.23,1.98,0,1,0,83.65,0,0.15,0,1,1,1,2
46,80.48,32.65,1,0,1,68.27,0,0.15,1,0,1,2,2
47,38.75,19.78,1,0,1,65.15,1,0.15,1,0,1,2,2
48,28.83,77.82,0,1,1,91.08,0,0.15,1,1,1,2,3
49,68.25,86.06,0,0,1,100.0,0,0.15,0,0,0,1,0
50,13.98,24.67,1,0,1,68.75,0,0.15,1,0,1,2,2
51,19.99,66.78,1,1,0,58.19,1,0.15,1,1,0,2,2
52,0.74,12.94,1,0,1,41.73,1,0.15,1,0,1,2,2
53,78.69,27.52,1,1,1,72.12,1,0.15,1,1,1,3,3
54,66.49,13.87,0,0,1,83.64,0,0.15,0,0,1,1,1
55,70.52,28.35,1,1,0,80.56,0,0.15,1,1,0,2,2
56,78.07,67.47,0,1,0,83.72,0,0.15,0,1,1,1,2
57,45.89,91.03,1,0,1,62.7,1,0.15,1,0,1,2,2
58,56.87,20.25,1,1,0,53.51,1,0.15,1,0,0,2,1
59,13.98,54.21,1,0,1,61.61,0,0.15,1,0,1,2,2
60,11.45,70.14,0,0,0,92.18,0,0.15,0,0,0,0,0
61,66.84,95.29,1,1,0,100.0,1,0.15,0,1,0,2,1
62,47.11,61.01,0,1,1,36.51,1,0.15,0,1,1,2,2
63,56.52,25.51,1,1,1,37.98,1,0.15,1,1,1,3,3
64,76.5,62.55,0,0,1,65.81,0,0.15,0,1,1,1,2
65,63.47,32.05,1,1,1,76.22,0,0.15,1,1,1,3,3
66,55.36,97.61,1,1,0,72.17,1,0.15,1,1,0,2,2
67,55.92,39.97,1,1,1,67.44,1,0.15,1,1,1,3,3
68,30.4,68.54,1,0,1,54.35,1,0.15,0,0,1,2,1
69,3.08,2.32,1,0,0,71.23,0,0.15,1,0,0,1,1
70,43.67,40.01,1,1,1,43.84,1,0.15,1,0,1,3,2
71,21.46,87.51,1,0,1,45.46,1,0.15,1,0,1,2,2
72,40.85,61.02,0,0,1,71.89,0,0.15,0,1,1,1,2
73,85.34,44.39,1,0,1,39.99,1,0.15,0,0,1,2,1
74,23.39,93.59,1,1,0,31.27,1,0.15,0,0,0,2,0
75,5.83,85.4,0,1,0,27.51,1,0.15,0,1,1,1,2
76,28.14,32.22,1,1,1,63.26,1,0.15,1,1,0,3,2
77,29.36,54.45,0,0,1,73.27,0,0.15,0,0,1,1,1
78,66.19,48.98,1,1,1,70.32,1,0.15,1,1,1,3,3
79,55.7,63.22,0,1,1,28.49,1,0.15,0,0,1,2,1
80,78.39,33.41,1,1,1,39.86,1,0.15,1,1,1,3,3
81,66.43,24.42,1,1,1,71.22,1,0.15,1,1,1,3,3
82,40.64,91.27,0,1,1,27.7,0,0.15,0,1,1,2,2
83,81.4,92.39,0,1,1,83.94,1,0.15,1,1,1,2,3
84,16.7,84.33,0,1,1,19.0,1,0.15,0,1,1,2,2
85,2.27,97.82,0,0,0,76.06,0,0.15,0,0,0,0,0
86,9.0,74.5,0,0,0,50.03,0,0.15,0,1,0,0,1
87,72.24,76.47,0,1,1,96.84,0,0.15,0,1,1,2,2
88,46.19,76.26,0,1,1,100.0,1,0.15,0,1,1,2,2
89,16.13,48.06,0,0,1,11.66,1,0.15,0,0,1,1,1
90,50.1,45.65,1,0,1,67.65,1,0.15,1,0,1,2,2
91,15.23,24.02,1,1,1,18.88,1,0.15,0,1,1,3,2
92,69.63,64.48,1,0,1,86.24,0,0.15,1,0,1,2,2
93,44.62,28.93,1,0,0,69.85,0,0.15,1,0,0,1,1
94,38.1,25.78,1,1,1,55.6,1,0.15,1,1,1,3,3
95,30.15,58.6,0,0,1,36.95,1,0.15,0,0,1,1,1
96,63.03,41.0,1,1,1,72.25,1,0.15,0,1,0,3,1
97,36.18,21.89,1,0,1,47.87,0,0.15,1,0,1,2,2
98,8.76,81.61,0,0,1,84.06,0,0.15,0,1,0,1,1
99,11.8,86.06,0,0,1,40.4,1,0.15,0,1,1,1,2
100,96.19,16.77,1,1,1,63.6,0,0.15,1,1,1,3,3
101,90.86,0.75,1,0,0,100.0,0,0.15,1,0,0,1,1
102,69.97,33.61,1,1,1,60.42,1,0.15,0,1,1,3,2
103,26.59,79.75,1,1,1,81.17,1,0.15,0,1,1,3,2
104,96.92,83.92,1,1,1,87.77,1,0.15,1,0,1,3,2
105,77.88,13.83,1,1,0,68.7,0,0.15,1,1,0,2,2
106,71.69,77.43,1,1,1,60.56,1,0.15,1,1,1,3,3
107,44.94,11.57,1,1,1,57.17,1,0.15,1,1,1,3,3
108,27.22,39.01,0,0,1,93.23,0,0.15,0,0,1,1,1
109,9.64,99.86,0,0,1,71.41,0,0.15,1,0,0,1,1
110,90.26,19.26,1,0,0,69.39,1,0.15,1,0,1,1,2
111,45.58,15.4,1,1,1,52.2,1,0.15,1,1,0,3,2
112,20.24,42.28,1,0,0,66.25,0,0.15,1,0,1,1,2
113,30.6,61.97,0,1,0,72.52,1,0.15,0,1,1,1,2
114,57.92,93.29,0,1,1,76.54,0,0.15,0,0,1,2,1
115,17.68,98.08,0,0,1,60.1,0,0.15,1,0,1,1,2
116,85.66,6.96,0,1,0,56.38,1,0.15,0,1,0,1,1
117,75.85,13.8,1,1,0,72.1,0,0.15,0,1,1,2,2
118,71.95,79.07,0,1,0,39.55,1,0.15,0,1,0,1,1
119,43.21,27.06,1,1,1,42.8,1,0.15,1,1,1,3,3
120,62.73,88.48,0,1,1,83.66,1,0.15,1,1,1,2,3
121,58.41,66.35,0,1,0,73.3,0,0.15,0,1,1,1,2
122,64.98,11.18,1,1,0,71.52,1,0.15,1,0,1,2,2
123,8.44,83.25,0,0,1,24.45,0,0.15,0,0,1,1,1
124,41.58,17.64,1,1,1,63.49,1,0.15,1,1,1,3,3
125,4.16,42.35,1,0,0,60.46,0,0.15,1,1,0,1,2
126,49.4,55.22,1,1,1,48.65,1,0.15,1,1,1,3,3
127,32.99,50.08,1,0,1,55.14,1,0.15,0,0,0,2,0
128,14.45,68.62,0,0,1,57.68,0,0.15,0,0,1,1,1
129,10.34,65.27,0,0,0,30.6,0,0.15,0,0,1,0,1
130,58.76,99.2,0,0,0,73.45,1,0.15,1,0,0,0,1
131,17.06,99.94,0,0,1,70.15,0,0.15,1,0,1,1,2
132,92.51,51.65,0,0,1,80.1,0,0.15,0,0,1,1,1
133,58.11,9.52,0,1,1,43.07,1,0.15,0,1,1,2,2
134,34.69,72.78,1,0,1,29.15,1,0.15,1,0,1,2,2
135,59.09,97.67,0,0,1,62.36,1,0.15,0,0,0,1,0
136,2.28,31.83,1,0,1,70.39,1,0.15,1,0,1,2,2
137,95.86,46.12,1,0,1,71.21,1,0.15,1,0,1,2,2
138,48.23,42.48,0,1,0,51.93,0,0.15,0,1,0,1,1
139,78.27,5.14,1,0,1,67.17,1,0.15,1,0,0,2,1
140,8.27,67.23,1,0,0,45.21,1,0.15,1,0,0,1,1
141,48.67,35.33,0,1,1,87.99,0,0.15,0,1,0,2,1
142,49.07,78.75,0,1,1,83.98,0,0.15,0,1,1,2,2
143,93.78,83.21,1,0,1,19.67,1,0.15,1,1,1,2,3
144,57.17,82.12,1,1,1,85.02,0,0.15,1,0,1,3,2
145,47.35,41.67,1,0,1,39.78,1,0.15,0,1,1,2,2
146,26.7,32.15,0,0,1,27.93,1,0.15,0,0,1,1,1
147,33.16,74.88,0,1,1,67.27,0,0.15,1,1,1,2,3
148,52.07,80.14,1,0,1,63.59,1,0.15,1,0,1,2,2
149,43.89,49.13,0,0,1,28.72,1,0.15,0,1,1,1,2
150,2.16,89.3,0,0,0,73.81,0,0.15,0,0,0,0,0
151,82.63,14.39,1,1,1,76.87,1,0.15,1,1,1,3,3
152,89.62,87.91,0,1,1,67.16,1,0.15,0,1,1,2,2
153,14.02,9.61,1,0,1,33.62,1,0.15,1,1,1,2,3
154,55.4,15.35,1,1,1,42.18,1,0.15,1,0,1,3,2
155,10.86,53.38,0,0,1,81.13,0,0.15,0,0,1,1,1
156,67.22,6.75,0,1,1,36.63,1,0.15,0,1,1,2,2
157,28.12,5.28,1,0,0,86.06,0,0.15,1,0,0,1,1
158,65.94,0.05,1,1,1,57.84,1,0.15,1,1,0,3,2
159,72.7,43.63,1,0,1,60.64,1,0.15,1,0,1,2,2
160,76.86,77.46,0,1,1,35.89,1,0.15,0,1,1,2,2
161,10.77,3.48,1,1,1,62.35,0,0.15,1,1,1,3,3
162,91.6,65.23,0,0,1,76.72,1,0.15,1,0,1,1,2
163,23.02,82.31,0,0,0,46.37,0,0.15,1,0,0,0,1
164,3.74,16.8,1,0,1,52.91,1,0.15,1,0,1,2,2
165,55.49,14.69,0,1,1,77.3,0,0.15,0,1,1,2,2
166,37.09,86.08,0,1,1,60.97,0,0.15,1,1,1,2,3
167,82.98,82.31,1,1,1,78.42,1,0.15,1,0,1,3,2
168,80.83,53.89,1,1,1,28.97,1,0.15,1,1,1,3,3
169,31.71,81.92,0,0,1,75.48,0,0.15,0,0,1,1,1
170,95.29,9.28,1,1,0,93.73,1,0.15,1,1,0,2,2
171,29.09,39.45,1,1,0,92.31,0,0.15,1,1,0,2,2
172,51.51,73.78,0,0,1,81.11,0,0.15,0,0,1,1,1
173,25.6,25.75,1,1,0,63.57,0,0.15,1,1,0,2,2
174,93.6,75.23,0,0,1,75.23,0,0.15,1,0,1,1,2
175,16.46,50.42,1,0,0,61.27,0,0.15,1,1,0,1,2
176,4.49,75.03,0,0,1,71.82,0,0.15,0,0,1,1,1
177,43.51,46.47,1,0,1,41.96,1,0.15,1,0,1,2,2
178,99.24,36.79,0,1,0,98.93,0,0.15,0,0,0,1,0
179,89.17,21.92,1,1,0,100.0,1,0.15,1,1,1,2,3
180,74.86,20.84,0,1,0,79.73,0,0.15,0,1,0,1,1
181,89.08,75.15,1,0,1,62.76,0,0.15,1,1,1,2,3
182,89.34,11.89,0,1,0,62.82,0,0.15,0,1,0,1,1
183,51.89,8.6,1,1,1,69.4,1,0.15,1,0,0,3,1
184,31.59,17.63,1,0,1,68.94,0,0.15,1,1,1,2,3
185,77.2,17.53,1,1,0,77.33,1,0.15,1,1,0,2,2
186,66.17,82.31,0,1,0,52.0,1,0.15,0,1,0,1,1
187,37.37,39.85,0,1,1,66.63,1,0.15,0,1,1,2,2
188,9.45,99.04,0,1,0,61.83,0,0.15,0,1,0,1,1
189,74.68,13.72,1,1,1,68.95,0,0.15,1,1,1,3,3
190,26.25,65.35,1,0,1,62.15,0,0.15,1,0,1,2,2
191,93.68,44.87,1,1,1,48.27,1,0.15,1,1,0,3,2
192,24.1,39.29,1,0,1,99.85,0,0.15,1,0,1,2,2
193,12.28,87.51,0,0,0,63.53,0,0.15,1,0,0,0,1
194,83.11,97.56,0,1,0,93.09,0,0.15,0,1,1,1,2
195,15.33,87.29,0,0,0,57.24,0,0.15,0,0,0,0,0
196,17.93,19.23,1,0,1,49.65,0,0.15,0,0,1,2,1
197,59.94,22.08,1,1,1,55.24,1,0.15,1,1,1,3,3
198,87.46,65.61,0,1,0,100.0,0,0.15,0,1,1,1,2
199,19.64,28.91,1,0,1,58.58,0,0.15,1,0,0,2,1
200,31.03,73.47,0,1,1,37.83,1,0.15,0,1,0,2,1
201,77.74,56.64,1,1,1,65.92,1,0.15,1,0,1,3,2
202,97.18,55.09,0,0,0,94.28,0,0.15,0,1,0,0,1
203,50.07,82.85,1,0,1,82.8,1,0.15,1,0,1,2,2
204,14.39,71.05,0,0,0,71.26,0,0.15,0,0,0,0,0
205,1.39,2.66,1,1,1,54.65,1,0.15,0,1,1,3,2
206,22.97,4.95,1,0,1,61.25,1,0.15,1,0,1,2,2
207,13.18,60.16,1,0,1,28.85,1,0.15,1,1,0,2,2
208,67.77,48.62,1,1,1,63.53,0,0.15,1,1,1,3,3
209,12.18,26.02,1,0,1,29.7,1,0.15,1,1,1,2,3
210,50.63,41.87,1,1,1,35.34,1,0.15,1,1,1,3,3
211,69.43,75.79,1,1,1,74.08,1,0.15,1,1,1,3,3
212,58.11,82.66,0,0,1,81.17,0,0.15,0,0,1,1,1
213,19.98,56.12,0,1,1,68.27,0,0.15,0,0,1,2,1
214,80.41,38.54,1,1,1,40.62,0,0.15,0,1,1,3,2
215,71.54,27.07,0,1,1,94.77,1,0.15,0,1,1,2,2
216,73.9,52.19,1,1,1,48.17,1,0.15,1,1,1,3,3
217,13.11,31.47,1,0,1,80.11,1,0.15,1,0,1,2,2
218,12.38,56.41,0,0,1,41.91,0,0.15,0,0,0,1,0
219,92.76,67.67,1,1,0,54.19,1,0.15,1,1,0,2,2
220,39.76,6.61,1,0,1,18.69,1,0.15,1,1,1,2,3
221,30.09,0.11,1,0,1,57.32,1,0.15,1,0,1,2,2
222,48.86,21.23,1,0,1,56.59,0,0.15,1,0,1,2,2
223,66.29,89.45,0,0,1,61.4,0,0.15,0,0,1,1,1
224,95.56,64.63,0,1,1,45.93,1,0.15,0,1,1,2,2
225,28.64,17.2,0,0,1,81.6,0,0.15,0,0,1,1,1
226,92.48,89.03,0,0,0,96.5,0,0.15,0,0,0,0,0
227,2.49,47.0,0,0,1,91.61,0,0.15,0,0,1,1,1
228,55.52,47.61,1,1,1,46.91,1,0.15,1,0,1,3,2
229,63.4,93.55,0,1,1,63.35,1,0.15,0,1,1,2,2
230,10.59,5.95,1,0,1,26.02,1,0.15,1,0,1,2,2
231,14.03,21.52,1,0,0,42.15,1,0.15,1,0,0,1,1
232,41.91,58.58,0,1,1,64.18,0,0.15,1,1,1,2,3
233,96.62,19.55,1,1,1,75.59,1,0.15,1,1,1,3,3
234,59.6,67.95,1,1,1,75.17,1,0.15,1,1,1,3,3
235,93.3,21.41,1,1,0,100.0,0,0.15,1,1,1,2,3
236,80.44,9.92,0,1,0,68.62,0,0.15,0,1,0,1,1
237,46.74,20.7,1,0,1,71.66,1,0.15,1,0,1,2,2
238,78.48,42.27,1,1,0,62.91,1,0.15,1,1,0,2,2
239,1.78,17.61,1,0,1,39.25,1,0.15,1,0,1,2,2
240,10.91,13.47,1,0,1,53.39,0,0.15,1,0,1,2,2
241,82.94,86.03,0,0,1,73.78,0,0.15,0,0,1,1,1
242,79.68,32.04,1,1,0,91.8,1,0.15,0,1,0,2,1
243,23.26,36.08,1,1,1,54.73,1,0.15,0,1,1,3,2
244,53.08,5.53,1,1,1,60.06,1,0.15,1,1,1,3,3
245,60.6,35.74,1,1,1,54.95,1,0.15,1,0,0,3,1
246,86.77,26.48,1,1,1,100.0,1,0.15,1,1,1,3,3
247,60.31,61.05,0,1,0,97.96,0,0.15,0,1,1,1,2
248,41.26,20.54,1,0,1,42.78,1,0.15,1,0,1,2,2
249,37.42,88.84,0,1,1,48.98,1,0.15,0,1,1,2,2
250,42.59,92.97,0,1,0,51.22,1,0.15,0,1,0,1,1
251,65.19,9.98,1,0,1,62.63,1,0.15,1,1,1,2,3
252,86.75,10.74,1,1,0,54.47,1,0.15,1,1,0,2,2
253,45.39,11.53,1,1,1,62.37,1,0.15,1,1,1,3,3
254,24.78,61.96,1,0,1,91.43,0,0.15,1,0,1,2,2
255,23.67,12.2,0,0,0,46.9,0,0.15,0,0,0,0,0
256,74.6,85.24,0,0,1,44.6,1,0.15,1,0,1,1,2
257,81.66,75.43,1,1,1,56.68,1,0.15,1,1,1,3,3
258,10.53,81.98,1,0,0,57.64,0,0.15,1,0,0,1,1
259,6.66,52.61,1,0,0,95.64,0,0.15,1,0,1,1,2
260,59.44,99.67,0,1,1,74.89,1,0.15,0,1,0,2,1
261,14.62,4.42,1,0,0,80.76,0,0.15,1,0,1,1,2
262,82.47,40.13,0,1,0,78.39,0,0.15,0,1,0,1,1
263,31.03,32.39,1,0,1,47.18,1,0.15,1,0,1,2,2
264,14.39,94.86,0,0,1,24.37,1,0.15,0,0,1,1,1
265,92.1,57.69,0,1,1,79.53,1,0.15,1,1,1,2,3
266,16.55,80.62,0,0,1,74.0,0,0.15,0,0,1,1,1
267,28.47,17.03,1,0,1,71.69,1,0.15,1,0,0,2,1
268,15.36,97.86,0,1,1,62.47,0,0.15,0,1,1,2,2
269,11.55,49.86,0,1,0,44.62,1,0.15,0,0,0,1,0
270,2.11,49.37,0,0,0,65.25,0,0.15,0,0,0,0,0
271,5.54,97.09,0,1,1,77.66,0,0.15,1,1,0,2,2
272,17.46,38.07,1,0,1,42.84,0,0.15,1,0,0,2,1
273,5.34,39.75,0,0,0,75.11,0,0.15,0,1,0,0,1
274,59.11,58.48,0,0,0,76.45,0,0.15,1,0,0,0,1
275,68.07,12.81,0,1,1,44.08,1,0.15,0,1,1,2,2
276,39.36,32.11,1,1,1,20.49,1,0.15,1,1,1,3,3
277,31.8,19.32,1,0,1,67.77,0,0.15,1,0,1,2,2
278,50.45,10.33,1,1,0,97.78,0,0.15,1,1,0,2,2
279,87.5,86.61,1,1,1,92.67,1,0.15,1,1,1,3,3
280,85.11,58.93,0,1,1,88.96,0,0.15,0,1,1,2,2
281,4.35,35.87,1,0,1,94.48,0,0.15,1,0,0,2,1
282,18.15,40.87,1,0,1,47.85,1,0.15,1,0,1,2,2
283,23.67,43.15,1,0,1,83.17,0,0.15,1,0,1,2,2
284,24.94,63.31,1,0,1,43.01,1,0.15,1,0,1,2,2
285,57.12,92.68,0,1,0,68.05,0,0.15,0,0,0,1,0
286,41.63,93.28,0,0,1,61.57,0,0.15,0,0,0,1,0
287,4.93,39.15,0,0,0,30.26,0,0.15,0,1,0,0,1
288,37.36,32.93,1,0,1,91.93,0,0.15,1,0,1,2,2
289,52.38,45.1,1,1,0,46.83,1,0.15,1,1,1,2,3
290,10.17,56.79,1,0,1,51.72,0,0.15,0,0,0,2,0
291,83.35,46.18,0,1,1,45.96,1,0.15,0,0,0,2,0
292,5.2,65.88,1,0,1,42.03,1,0.15,1,0,1,2,2
293,92.48,55.44,0,1,1,100.0,0,0.15,0,0,1,2,1
294,9.91,32.07,1,0,1,97.98,0,0.15,1,0,1,2,2
295,84.36,34.57,1,1,0,56.52,0,0.15,1,1,0,2,2
296,90.27,37.86,1,0,1,78.9,0,0.15,1,0,1,2,2
297,97.96,9.46,1,1,0,69.94,0,0.15,1,1,0,2,2
298,80.2,16.61,1,1,0,79.86,1,0.15,1,1,0,2,2
299,77.95,72.31,0,1,1,68.07,1,0.15,1,1,1,2,3
300,64.25,38.91,1,1,1,49.88,1,0.15,0,1,1,3,2
301,77.9,21.45,0,0,1,82.64,0,0.15,0,0,1,1,1
302,13.46,56.27,0,0,0,57.73,0,0.15,0,0,0,0,0
303,53.61,75.55,0,1,0,83.23,1,0.15,1,1,0,1,2
304,51.42,25.74,1,0,1,65.61,1,0.15,1,0,1,2,2
305,85.76,82.68,0,1,1,76.16,1,0.15,1,1,1,2,3
306,46.28,92.75,0,1,1,30.9,0,0.15,0,1,1,2,2
307,38.51,59.74,1,0,1,70.56,0,0.15,1,0,1,2,2
308,63.96,66.89,0,1,1,93.32,1,0.15,0,1,0,2,1
309,26.65,5.26,1,0,0,89.88,0,0.15,1,1,0,1,2
310,13.98,94.55,1,0,1,17.94,1,0.15,1,1,0,2,2
311,47.79,39.25,0,0,1,68.93,0,0.15,0,0,1,1,1
312,41.69,92.39,0,0,0,53.2,0,0.15,0,1,0,0,1
313,23.26,57.9,1,0,1,77.19,1,0.15,0,0,1,2,1
314,36.75,0.46,1,1,0,75.1,0,0.15,1,1,0,2,2
315,36.64,3.85,1,0,1,40.88,1,0.15,1,0,1,2,2
316,32.75,68.04,0,0,1,70.73,0,0.15,0,0,1,1,1
317,37.95,56.27,1,1,0,11.77,1,0.15,1,0,0,2,1
318,68.57,2.65,1,1,0,61.78,0,0.15,1,0,1,2,2
319,29.69,74.35,0,0,0,70.01,0,0.15,0,0,0,0,0
320,94.89,85.21,1,1,1,81.25,1,0.15,1,1,1,3,3
321,91.63,49.64,1,1,0,35.85,1,0.15,0,1,0,2,1
322,48.09,46.58,1,1,1,49.92,1,0.15,1,1,1,3,3
323,32.84,0.55,1,1,1,86.36,0,0.15,1,0,1,3,2
324,53.54,78.66,0,0,1,52.16,0,0.15,0,0,1,1,1
325,84.86,33.07,1,1,1,68.88,1,0.15,0,0,1,3,1
326,65.26,87.88,1,0,1,61.37,1,0.15,1,0,1,2,2
327,80.44,37.31,1,1,1,91.54,1,0.15,1,1,0,3,2
328,53.27,56.51,1,0,1,71.64,0,0.15,1,1,1,2,3
329,63.29,27.03,1,1,0,57.08,1,0.15,1,0,1,2,2
330,28.82,16.06,1,0,0,82.88,0,0.15,1,1,0,1,2
331,73.49,77.49,0,0,1,41.15,1,0.15,0,0,1,1,1
332,20.24,49.66,1,0,0,45.53,1,0.15,1,0,1,1,2
333,69.48,53.65,0,1,1,54.08,1,0.15,0,0,0,2,0
334,86.07,96.54,0,1,1,63.3,1,0.15,0,1,1,2,2
335,13.21,96.36,0,0,1,78.88,0,0.15,0,0,1,1,1
336,61.44,85.56,0,1,1,86.23,0,0.15,0,1,1,2,2
337,9.51,18.76,0,0,1,52.4,0,0.15,0,0,1,1,1
338,72.57,59.43,1,0,1,82.33,0,0.15,1,0,1,2,2
339,8.45,87.81,0,0,0,87.96,0,0.15,0,0,0,0,0
340,93.59,37.45,1,1,0,54.1,1,0.15,1,1,0,2,2
341,13.74,10.11,1,0,1,49.76,1,0.15,0,0,1,2,1
342,95.89,81.1,0,0,1,82.88,0,0.15,0,0,1,1,1
343,80.09,48.18,0,1,1,81.01,0,0.15,0,1,0,2,1
344,59.37,56.44,1,1,1,32.75,1,0.15,1,1,1,3,3
345,78.26,98.21,0,1,1,86.14,1,0.15,0,1,1,2,2
346,79.51,60.72,0,1,0,69.49,0,0.15,0,0,1,1,1
347,94.6,42.5,0,0,0,100.0,0,0.15,0,0,0,0,0
348,25.34,37.0,0,0,0,58.39,0,0.15,0,0,0,0,0
349,59.01,41.76,1,0,1,66.74,0,0.15,0,0,1,2,1
350,9.5,11.84,1,0,0,83.79,0,0.15,1,0,0,1,1
351,61.62,79.48,0,1,1,93.31,0,0.15,0,1,1,2,2
352,17.13,83.77,1,0,1,69.62,0,0.15,1,0,1,2,2
353,56.5,28.44,1,1,1,70.3,1,0.15,1,1,1,3,3
354,57.24,30.38,1,1,1,53.69,1,0.15,1,1,1,3,3
355,46.6,87.43,0,1,0,55.52,1,0.15,0,1,1,1,2
356,52.26,2.4,1,1,0,64.48,0,0.15,1,1,0,2,2
357,76.39,52.05,1,1,0,95.56,0,0.15,1,1,1,2,3
358,79.92,46.37,1,1,1,52.89,1,0.15,1,1,1,3,3
359,49.22,69.01,1,0,1,80.07,1,0.15,0,0,1,2,1
360,59.96,16.34,1,1,0,71.94,0,0.15,1,1,1,2,3
361,93.12,66.83,1,1,1,67.61,1,0.15,1,1,1,3,3
362,11.97,37.67,1,0,1,59.13,1,0.15,0,0,1,2,1
363,11.71,61.87,0,0,1,65.31,0,0.15,0,0,1,1,1
364,8.77,4.01,0,0,0,59.43,0,0.15,0,0,0,0,0
365,65.79,46.17,1,1,1,77.97,0,0.15,0,1,1,3,2
366,41.86,52.23,0,1,1,86.77,0,0.15,0,0,1,2,1
367,77.43,21.43,1,1,1,52.75,1,0.15,1,1,1,3,3
368,67.12,13.96,1,1,1,58.76,1,0.15,0,1,1,3,2
369,33.36,18.85,1,0,1,70.51,0,0.15,1,1,0,2,2
370,89.84,34.41,1,1,1,80.29,1,0.15,1,1,0,3,2
371,76.25,9.68,1,0,1,61.47,1,0.15,1,0,0,2,1
372,27.05,94.73,0,0,1,79.7,1,0.15,0,0,1,1,1
373,36.42,40.5,1,1,1,50.6,1,0.15,1,1,1,3,3
374,31.44,80.9,0,0,1,66.06,0,0.15,0,0,1,1,1
375,15.76,97.44,0,0,0,63.2,0,0.15,0,0,0,0,0
376,14.78,8.07,1,0,1,44.63,0,0.15,1,0,1,2,2
377,93.61,65.17,1,1,1,50.82,1,0.15,1,1,1,3,3
378,43.79,87.14,0,0,1,46.46,1,0.15,0,0,1,1,1
379,38.33,63.42,0,0,0,89.76,0,0.15,0,0,0,0,0
380,72.97,42.9,1,0,1,79.71,0,0.15,1,0,1,2,2
381,55.3,43.11,0,1,1,50.07,1,0.15,0,1,1,2,2
382,93.61,3.59,1,0,0,100.0,0,0.15,1,0,0,1,1
383,78.03,53.46,1,0,1,100.0,0,0.15,1,0,1,2,2
384,47.94,99.35,0,1,1,76.07,1,0.15,0,0,1,2,1
385,37.64,95.87,0,0,0,57.76,0,0.15,0,1,1,0,2
386,98.66,4.04,1,1,1,60.74,1,0.15,1,1,1,3,3
387,71.78,70.58,1,1,1,90.96,1,0.15,1,1,1,3,3
388,95.12,30.18,1,0,1,71.64,1,0.15,1,0,1,2,2
389,11.85,90.3,0,0,1,60.68,0,0.15,0,0,1,1,1
390,85.05,4.51,1,1,0,94.76,0,0.15,1,1,0,2,2
391,63.71,93.59,0,1,1,94.04,0,0.15,0,1,1,2,2
392,12.19,83.75,1,0,1,37.9,1,0.15,1,0,1,2,2
393,58.83,11.75,1,0,1,80.22,0,0.15,0,0,1,2,1
394,68.61,5.98,1,1,0,75.98,1,0.15,1,1,1,2,3
395,1.23,83.47,0,0,0,43.74,0,0.15,0,0,0,0,0
396,45.43,15.58,0,0,1,73.56,0,0.15,1,0,1,1,2
397,82.54,53.49,1,1,1,46.8,1,0.15,1,1,1,3,3
398,29.54,91.57,0,0,0,53.65,0,0.15,1,0,0,0,1
399,45.85,56.74,1,0,1,64.45,0,0.15,1,0,1,2,2
400,44.23,39.72,1,0,1,62.69,1,0.15,0,0,1,2,1
401,30.19,44.5,1,0,0,64.4,0,0.15,1,0,0,1,1
402,91.84,6.31,1,0,1,56.59,1,0.15,1,0,1,2,2
403,78.13,96.88,0,1,1,64.36,1,0.15,0,1,0,2,1
404,11.06,31.07,0,1,1,28.41,1,0.15,1,1,1,2,3
405,99.7,18.94,1,0,0,93.79,0,0.15,0,1,0,1,1
406,87.92,28.6,1,0,0,84.08,1,0.15,1,0,0,1,1
407,28.39,96.44,0,0,0,67.83,0,0.15,0,1,1,0,2
408,83.69,9.43,1,1,0,61.68,1,0.15,1,1,0,2,2
409,10.64,86.73,0,0,1,70.64,0,0.15,1,0,1,1,2
410,99.91,70.78,1,1,1,54.52,0,0.15,1,1,0,3,2
411,66.57,83.0,0,1,1,69.23,1,0.15,0,1,1,2,2
412,65.01,97.59,1,1,1,100.0,1,0.15,1,1,1,3,3
413,9.04,84.22,0,0,1,62.3,0,0.15,0,1,1,1,2
414,89.7,94.34,0,1,1,64.52,1,0.15,1,1,1,2,3
415,2.9,12.69,1,0,1,74.62,0,0.15,1,0,1,2,2
416,24.08,79.58,0,0,0,94.35,0,0.15,0,0,0,0,0
417,14.3,54.57,1,0,1,63.18,1,0.15,1,0,1,2,2
418,77.68,54.35,1,0,1,46.93,0,0.15,1,0,1,2,2
419,19.82,89.89,0,0,0,75.97,0,0.15,0,0,0,0,0
420,91.06,97.18,1,0,1,100.0,1,0.15,1,0,0,2,1
421,65.63,70.48,0,0,1,88.37,0,0.15,0,0,1,1,1
422,3.62,48.29,1,0,1,26.43,1,0.15,1,0,1,2,2
423,0.54,45.64,0,0,1,48.65,1,0.15,0,0,1,1,1
424,5.17,38.63,1,0,1,24.8,1,0.15,1,0,1,2,2
425,60.59,36.16,0,1,1,96.87,0,0.15,0,1,1,2,2
426,80.15,39.15,1,1,1,48.74,1,0.15,1,0,1,3,2
427,23.86,8.98,1,0,1,69.15,0,0.15,1,0,1,2,2
428,84.94,7.74,1,0,0,51.51,1,0.15,1,1,0,1,2
429,5.72,77.99,0,1,0,36.69,1,0.15,0,1,1,1,2
430,80.1,44.61,0,0,1,100.0,0,0.15,1,1,1,1,3
431,92.78,93.07,1,1,1,68.85,1,0.15,1,0,1,3,2
432,77.21,61.22,1,1,0,54.36,1,0.15,1,0,1,2,2
433,69.81,3.52,1,0,0,61.13,0,0.15,1,0,0,1,1
434,83.8,15.75,1,1,1,35.0,1,0.15,1,1,1,3,3
435,4.02,20.58,1,0,1,42.98,0,0.15,0,0,1,2,1
436,20.18,97.57,1,0,0,68.84,0,0.15,1,1,1,1,3
437,12.49,21.87,1,0,0,62.81,1,0.15,1,0,0,1,1
438,50.45,51.58,0,1,1,47.65,1,0.15,0,1,1,2,2
439,74.52,93.62,0,1,1,100.0,0,0.15,0,1,1,2,2
440,63.0,97.72,0,1,1,48.27,1,0.15,0,0,1,2,1
441,85.11,23.64,0,1,1,61.47,1,0.15,0,1,1,2,2
442,15.52,4.91,1,0,1,48.61,0,0.15,1,0,1,2,2
443,73.46,15.36,1,1,0,96.22,0,0.15,1,1,0,2,2
444,19.3,6.33,1,0,0,82.39,1,0.15,1,0,0,1,1
445,27.08,19.51,1,1,1,40.58,0,0.15,0,1,1,3,2
446,70.99,56.86,0,1,1,56.21,1,0.15,0,1,1,2,2
447,98.02,91.24,0,1,1,100.0,0,0.15,0,1,1,2,2
448,61.15,53.72,1,0,1,36.14,1,0.15,1,0,1,2,2
449,5.45,62.6,1,0,1,54.43,1,0.15,1,0,1,2,2
450,61.63,20.19,1,0,1,78.95,1,0.15,1,0,1,2,2
451,4.24,80.06,0,0,1,64.31,0,0.15,0,0,1,1,1
452,88.41,61.78,1,1,0,92.91,0,0.15,1,1,0,2,2
453,70.96,86.41,0,1,1,100.0,0,0.15,1,1,1,2,3
454,17.31,94.88,1,0,1,79.5,1,0.15,1,0,1,2,2
455,9.17,34.79,1,1,1,63.3,0,0.15,1,1,1,3,3
456,18.35,9.06,1,1,1,40.07,1,0.15,1,1,1,3,3
457,98.0,22.59,1,0,0,71.78,0,0.15,1,0,0,1,1
458,45.86,43.78,1,0,1,89.1,0,0.15,1,0,1,2,2
459,78.41,94.57,0,1,1,41.65,1,0.15,0,0,1,2,1
460,63.64,37.83,1,0,0,73.87,0,0.15,1,0,1,1,2
461,57.24,77.08,1,1,1,59.95,1,0.15,0,1,0,3,1
462,14.51,54.05,0,1,1,39.58,1,0.15,0,1,0,2,1
463,94.6,18.28,1,1,0,72.13,1,0.15,1,1,0,2,2
464,30.13,32.07,1,0,0,92.57,1,0.15,1,0,0,1,1
465,57.8,65.32,0,0,1,74.5,0,0.15,0,0,1,1,1
466,69.98,67.29,1,0,1,72.53,0,0.15,1,0,1,2,2
467,64.92,43.48,0,1,1,94.48,0,0.15,0,0,1,2,1
468,94.06,22.86,1,1,1,71.35,1,0.15,1,1,1,3,3
469,14.84,72.19,0,0,0,88.74,0,0.15,0,0,0,0,0
470,50.84,16.89,1,0,1,59.34,1,0.15,1,0,1,2,2
471,40.4,93.67,0,1,0,68.13,0,0.15,1,1,1,1,3
472,47.42,18.79,0,1,1,27.31,1,0.15,0,1,1,2,2
473,11.92,10.73,1,0,1,39.06,0,0.15,1,0,0,2,1
474,13.41,49.76,1,0,1,17.98,1,0.15,1,1,1,2,3
475,27.81,51.95,1,0,1,75.02,0,0.15,1,1,1,2,3
476,30.47,50.82,1,0,1,29.82,1,0.15,1,0,1,2,2
477,42.79,43.67,1,0,1,74.79,1,0.15,1,0,1,2,2
478,61.1,99.48,0,0,1,77.76,0,0.15,0,0,0,1,0
479,63.46,48.63,1,0,0,73.96,0,0.15,1,0,0,1,1
480,41.18,47.79,0,0,0,40.79,1,0.15,0,0,0,0,0
481,40.88,42.18,1,1,1,64.18,1,0.15,1,1,1,3,3
482,21.76,6.68,1,1,1,36.57,1,0.15,1,1,1,3,3
483,58.83,59.3,1,0,1,42.94,1,0.15,1,0,1,2,2
484,31.7,22.8,1,0,1,70.94,1,0.15,1,0,1,2,2
485,3.61,63.76,1,0,0,50.58,1,0.15,0,0,0,1,0
486,41.84,5.08,1,0,1,68.7,0,0.15,1,0,1,2,2
487,47.41,98.14,0,0,0,84.12,0,0.15,0,1,0,0,1
488,22.56,46.9,0,1,1,49.78,1,0.15,0,1,0,2,1
489,57.25,89.68,0,1,1,64.44,1,0.15,0,0,1,2,1
490,56.58,47.56,1,1,1,45.07,1,0.15,1,1,1,3,3
491,70.2,6.03,0,1,1,94.68,1,0.15,0,1,1,2,2
492,64.79,82.22,0,1,0,68.92,0,0.15,0,0,0,1,0
493,65.24,64.82,0,0,0,100.0,0,0.15,0,0,1,0,1
494,31.62,78.18,1,1,1,48.88,1,0.15,1,1,1,3,3
495,78.74,42.82,0,1,1,94.6,0,0.15,0,1,1,2,2
496,54.91,63.79,0,0,1,87.48,0,0.15,0,0,1,1,1
497,43.14,85.62,0,0,1,73.14,1,0.15,0,0,1,1,1
498,62.6,63.11,0,0,1,64.2,0,0.15,0,1,1,1,2
499,36.07,34.77,0,0,0,88.23,0,0.15,0,0,0,0,0
500,51.27,66.25,0,0,1,100.0,0,0.15,0,0,1,1,1
501,73.67,67.19,0,1,1,58.28,1,0.15,0,1,1,2,2
502,88.64,96.06,0,1,1,66.72,1,0.15,0,0,1,2,1
503,92.11,37.09,0,1,1,58.65,1,0.15,0,0,1,2,1
504,50.36,42.51,0,0,1,69.05,0,0.15,0,1,1,1,2
505,52.03,81.21,0,0,1,84.39,1,0.15,0,0,0,1,0
506,79.99,50.58,1,1,1,47.93,1,0.15,1,0,1,3,2
507,31.45,73.66,1,0,1,36.79,1,0.15,1,0,1,2,2
508,83.74,45.97,0,0,1,100.0,0,0.15,0,0,1,1,1
509,49.41,21.55,1,0,1,84.35,0,0.15,0,0,1,2,1
510,11.59,74.52,0,0,1,98.82,0,0.15,0,0,1,1,1
511,7.21,13.12,1,1,1,38.59,1,0.15,1,1,1,3,3
512,84.2,19.86,1,1,1,67.07,1,0.15,1,1,1,3,3
513,5.56,62.68,0,1,0,52.82,0,0.15,0,1,0,1,1
514,28.06,74.73,0,1,1,53.31,1,0.15,0,1,1,2,2
515,33.41,89.47,0,1,1,23.97,1,0.15,0,1,1,2,2
516,17.3,27.26,0,1,1,77.28,0,0.15,1,1,1,2,3
517,31.39,11.07,1,1,1,57.02,1,0.15,1,1,1,3,3
518,74.27,95.6,0,1,1,61.65,1,0.15,1,1,1,2,3
519,1.47,15.44,1,0,1,38.12,1,0.15,1,0,1,2,2
520,82.72,19.77,1,1,1,50.36,1,0.15,1,1,1,3,3
521,85.65,29.13,1,1,1,77.06,1,0.15,1,1,1,3,3
522,37.23,52.94,1,1,1,34.57,1,0.15,0,1,1,3,2
523,15.36,88.28,0,0,1,74.03,0,0.15,0,0,1,1,1
524,60.08,76.05,0,1,0,100.0,0,0.15,0,1,0,1,1
525,11.97,70.82,1,0,0,88.76,0,0.15,1,0,0,1,1
526,36.49,17.52,1,0,1,47.04,0,0.15,1,0,1,2,2
527,95.84,35.77,0,1,0,77.37,0,0.15,0,1,0,1,1
528,99.55,47.84,0,1,0,93.63,0,0.15,0,1,0,1,1
529,77.21,14.74,1,0,1,80.18,0,0.15,1,0,1,2,2
530,31.1,27.34,1,0,1,47.38,0,0.15,1,0,1,2,2
531,68.77,30.83,1,1,0,67.36,1,0.15,1,0,0,2,1
532,70.54,12.73,1,1,1,79.47,0,0.15,1,1,1,3,3
533,38.78,55.02,0,0,1,100.0,0,0.15,0,0,0,1,0
534,64.09,70.5,0,1,1,55.97,1,0.15,0,1,1,2,2
535,1.07,6.99,0,0,1,62.96,1,0.15,0,0,1,1,1
536,20.91,48.11,1,1,1,28.95,1,0.15,1,1,1,3,3
537,52.51,78.22,1,1,1,40.68,1,0.15,1,1,1,3,3
538,16.38,74.8,0,0,0,77.64,0,0.15,0,0,1,0,1
539,16.59,81.51,0,0,1,83.49,0,0.15,0,0,1,1,1
540,83.63,44.82,1,1,1,49.59,1,0.15,1,1,1,3,3
541,98.91,82.06,0,0,1,69.11,1,0.15,1,0,1,1,2
542,55.6,24.08,1,1,1,35.79,1,0.15,1,1,0,3,2
543,83.91,36.08,1,0,0,80.08,0,0.15,1,0,0,1,1
544,99.03,17.64,1,1,0,100.0,0,0.15,1,1,0,2,2
545,14.16,46.75,1,0,1,58.58,0,0.15,1,0,1,2,2
546,44.82,39.21,1,1,1,51.22,1,0.15,1,1,1,3,3
547,39.26,24.09,0,0,0,35.74,1,0.15,0,0,0,0,0
548,8.0,75.18,0,1,1,53.63,0,0.15,0,1,1,2,2
549,75.53,31.38,1,1,0,100.0,0,0.15,1,1,1,2,3
550,43.38,27.28,1,0,1,56.01,1,0.15,1,1,1,2,3
551,46.93,13.09,1,0,1,39.7,1,0.15,1,0,1,2,2
552,15.07,43.88,1,0,1,42.73,1,0.15,1,0,1,2,2
553,18.09,30.3,1,0,1,22.96,1,0.15,0,0,1,2,1
554,90.71,36.93,0,1,0,68.45,0,0.15,0,1,1,1,2
555,4.46,23.6,1,0,1,84.88,0,0.15,0,1,1,2,2
556,23.29,76.32,0,1,0,47.54,1,0.15,0,1,0,1,1
557,29.21,93.0,0,0,0,99.55,0,0.15,1,0,0,0,1
558,49.02,49.79,1,0,1,54.73,1,0.15,1,0,1,2,2
559,58.64,64.3,0,1,1,76.09,0,0.15,0,1,1,2,2
560,49.33,86.72,0,1,1,66.59,1,0.15,0,1,1,2,2
561,8.41,99.88,0,0,1,3.34,1,0.15,0,0,1,1,1
562,24.37,61.35,1,0,1,53.37,1,0.15,1,0,1,2,2
563,84.36,88.98,0,0,1,82.31,0,0.15,0,0,1,1,1
564,63.76,90.86,0,1,0,100.0,0,0.15,0,1,1,1,2
565,64.91,79.15,0,0,1,75.66,1,0.15,0,0,1,1,1
566,67.02,46.09,1,0,1,42.62,1,0.15,1,0,0,2,1
567,76.29,8.12,1,0,0,100.0,0,0.15,1,0,0,1,1
568,5.81,1.58,1,0,1,41.26,1,0.15,1,0,1,2,2
569,36.66,47.72,1,1,1,38.69,1,0.15,1,1,1,3,3
570,53.95,49.43,0,1,1,78.64,0,0.15,0,1,1,2,2
571,33.85,40.74,1,1,1,49.22,1,0.15,1,1,1,3,3
572,84.45,56.82,0,1,0,100.0,0,0.15,0,1,0,1,1
573,48.26,55.22,0,1,1,61.51,1,0.15,1,1,1,2,3
574,76.86,83.66,1,1,1,84.51,0,0.15,1,1,1,3,3
575,85.2,10.87,1,1,1,79.71,1,0.15,0,0,1,3,1
576,50.48,22.52,1,1,1,74.11,1,0.15,1,1,0,3,2
577,90.96,79.3,0,0,0,79.28,1,0.15,1,0,0,0,1
578,58.71,84.78,1,1,1,81.39,1,0.15,1,1,1,3,3
579,85.03,99.48,0,1,1,93.0,0,0.15,0,1,1,2,2
580,34.06,87.29,1,0,1,73.2,0,0.15,0,0,1,2,1
581,49.88,88.99,0,0,1,94.3,0,0.15,0,1,1,1,2
582,53.14,31.43,0,0,0,73.83,0,0.15,0,0,0,0,0
583,10.5,40.17,1,0,0,65.16,0,0.15,1,0,0,1,1
584,39.86,26.81,1,1,0,99.51,0,0.15,1,1,0,2,2
585,91.73,60.63,0,0,1,92.88,1,0.15,0,0,1,1,1
586,63.08,93.88,0,0,0,59.64,1,0.15,1,1,0,0,2
587,17.75,34.46,1,0,1,59.18,0,0.15,1,0,1,2,2
588,33.89,55.7,1,0,0,93.88,0,0.15,1,0,0,1,1
589,19.16,29.63,1,1,1,61.6,1,0.15,1,1,1,3,3
590,2.48,16.98,1,0,0,67.67,0,0.15,1,1,0,1,2
591,92.75,19.52,1,0,0,80.04,0,0.15,1,1,0,1,2
592,44.82,5.79,0,1,1,78.51,0,0.15,0,0,1,2,1
593,30.75,94.93,0,1,0,69.34,0,0.15,0,1,0,1,1
594,59.85,40.29,1,1,1,48.33,1,0.15,1,1,1,3,3
595,0.73,83.41,0,0,0,64.25,0,0.15,0,0,0,0,0
596,27.8,68.13,1,1,0,73.2,0,0.15,1,1,0,2,2
597,70.3,19.19,1,0,1,73.57,0,0.15,1,0,0,2,1
598,63.38,17.55,1,0,1,74.31,1,0.15,1,0,1,2,2
599,98.18,81.2,1,0,1,100.0,0,0.15,1,0,1,2,2
600,62.04,26.47,0,1,1,75.03,1,0.15,0,1,1,2,2
601,47.75,91.33,0,1,1,51.52,1,0.15,0,1,0,2,1
602,76.14,14.01,1,1,0,75.13,1,0.15,1,1,0,2,2
603,90.33,67.77,0,1,0,67.83,1,0.15,0,0,0,1,0
604,72.07,81.45,1,1,1,60.25,0,0.15,1,0,0,3,1
605,96.32,23.53,1,0,1,78.84,1,0.15,1,0,1,2,2
606,78.2,27.62,1,1,1,65.89,1,0.15,1,1,1,3,3
607,86.68,96.45,0,1,0,100.0,0,0.15,0,1,0,1,1
608,11.41,26.46,1,0,1,88.17,0,0.15,1,0,0,2,1
609,73.24,43.0,1,1,1,73.69,1,0.15,1,1,1,3,3
610,44.01,43.25,1,1,0,76.99,0,0.15,1,1,1,2,3
611,55.31,25.3,0,1,0,78.45,0,0.15,0,1,0,1,1
612,65.41,77.58,1,1,1,44.29,1,0.15,1,0,1,3,2
613,96.98,77.18,0,1,1,40.42,1,0.15,0,0,1,2,1
614,98.46,37.83,0,0,1,72.65,0,0.15,0,1,1,1,2
615,28.82,83.51,0,0,1,68.44,0,0.15,0,0,1,1,1
616,73.38,21.31,1,1,1,28.66,1,0.15,1,1,1,3,3
617,75.0,0.43,1,1,0,54.04,1,0.15,1,1,0,2,2
618,34.65,57.12,0,0,1,48.7,1,0.15,0,0,1,1,1
619,12.39,99.41,1,0,0,61.65,0,0.15,1,0,0,1,1
620,4.09,3.86,0,1,1,34.44,1,0.15,0,0,1,2,1
621,77.73,20.8,0,1,1,57.97,1,0.15,0,1,1,2,2
622,48.97,51.89,0,1,0,100.0,0,0.15,0,1,0,1,1
623,98.55,80.99,0,1,1,97.23,0,0.15,1,1,1,2,3
624,46.5,8.9,0,0,0,64.66,0,0.15,0,0,0,0,0
625,97.79,39.52,1,1,1,67.35,1,0.15,0,1,1,3,2
626,41.16,74.71,0,0,1,71.84,0,0.15,0,0,1,1,1
627,79.37,37.15,1,0,0,51.55,1,0.15,0,0,0,1,0
628,8.48,18.88,1,0,1,51.81,0,0.15,0,0,1,2,1
629,55.55,19.55,1,1,1,74.05,1,0.15,1,1,1,3,3
630,80.21,41.0,1,1,1,57.33,1,0.15,1,1,1,3,3
631,92.47,47.94,1,1,1,49.6,1,0.15,1,1,0,3,2
632,82.26,86.18,0,0,1,81.87,0,0.15,0,0,1,1,1
633,3.7,64.23,1,0,1,46.81,1,0.15,1,0,1,2,2
634,37.27,69.04,1,0,1,21.75,1,0.15,1,0,0,2,1
635,4.87,98.3,0,0,0,62.57,0,0.15,0,0,0,0,0
636,10.93,41.18,1,0,1,78.62,0,0.15,1,0,1,2,2
637,67.53,40.34,1,0,1,68.1,1,0.15,1,0,1,2,2
638,71.33,92.33,0,1,1,100.0,0,0.15,0,1,1,2,2
639,77.37,24.59,0,0,1,100.0,0,0.15,0,0,1,1,1
640,86.55,72.98,0,1,1,100.0,0,0.15,1,1,0,2,2
641,73.94,75.46,1,1,1,100.0,1,0.15,1,1,1,3,3
642,80.09,9.78,1,1,0,94.15,0,0.15,1,1,0,2,2
643,4.9,46.82,1,1,1,47.83,1,0.15,1,1,0,3,2
644,23.45,20.06,0,0,1,83.44,0,0.15,0,1,1,1,2
645,62.19,18.54,1,1,1,50.6,1,0.15,1,1,0,3,2
646,85.81,46.38,0,1,0,85.18,0,0.15,0,1,0,1,1
647,0.45,28.94,1,0,0,51.75,0,0.15,1,1,0,1,2
648,51.46,79.61,1,1,1,63.23,1,0.15,1,1,1,3,3
649,67.73,90.76,0,1,1,50.5,1,0.15,0,0,1,2,1
650,2.96,80.27,1,1,0,33.75,1,0.15,1,1,0,2,2
651,40.14,26.6,0,1,0,60.65,1,0.15,0,1,0,1,1
652,89.56,27.41,1,1,0,64.19,1,0.15,1,1,0,2,2
653,67.16,25.47,1,1,1,29.95,1,0.15,1,1,1,3,3
654,23.77,13.5,1,0,1,26.65,1,0.15,1,0,1,2,2
655,85.28,94.38,0,1,1,46.96,1,0.15,1,1,1,2,3
656,34.8,40.2,0,0,0,56.57,0,0.15,0,0,1,0,1
657,85.33,22.47,1,1,0,89.96,0,0.15,1,1,0,2,2
658,29.89,84.67,0,0,1,54.98,1,0.15,0,0,1,1,1
659,59.03,39.92,1,0,1,75.8,1,0.15,1,0,1,2,2
660,39.69,3.51,1,0,1,83.97,0,0.15,1,0,1,2,2
661,27.48,16.19,0,0,1,86.02,0,0.15,0,1,1,1,2
662,88.66,63.93,0,0,0,93.9,0,0.15,0,0,1,0,1
663,18.76,78.29,0,1,1,52.04,1,0.15,0,1,1,2,2
664,8.48,21.09,1,0,1,63.71,1,0.15,0,0,1,2,1
665,34.19,91.74,0,0,1,85.26,0,0.15,0,1,1,1,2
666,71.76,85.1,1,1,1,67.96,1,0.15,1,1,1,3,3
667,80.74,84.84,1,1,0,84.52,1,0.15,1,1,0,2,2
668,99.87,22.77,1,1,0,49.44,0,0.15,1,1,0,2,2
669,29.64,5.05,1,0,0,64.76,0,0.15,1,1,0,1,2
670,40.79,86.74,0,0,1,49.31,1,0.15,0,0,1,1,1
671,13.68,30.58,1,0,1,83.86,0,0.15,1,0,1,2,2
672,57.49,61.89,0,1,1,100.0,0,0.15,0,0,1,2,1
673,99.76,76.0,0,1,1,45.74,1,0.15,0,1,1,2,2
674,70.09,12.83,1,1,1,84.1,1,0.15,1,0,1,3,2
675,59.52,78.08,0,0,1,58.14,0,0.15,0,0,1,1,1
676,39.24,93.85,0,1,1,53.55,0,0.15,1,1,1,2,3
677,91.53,72.84,0,1,1,63.13,1,0.15,0,1,1,2,2
678,49.69,44.12,0,1,1,69.33,0,0.15,0,1,1,2,2
679,13.44,87.67,0,0,0,40.42,0,0.15,0,0,0,0,0
680,36.54,52.75,1,0,0,81.53,0,0.15,1,0,0,1,1
681,6.72,74.48,1,0,0,56.55,1,0.15,1,1,0,1,2
682,20.2,82.05,1,0,1,65.91,1,0.15,1,0,1,2,2
683,1.77,74.94,0,0,1,55.51,0,0.15,1,0,1,1,2
684,45.33,28.79,1,1,1,54.7,1,0.15,1,0,0,3,1
685,63.45,11.78,1,1,0,59.38,1,0.15,1,1,1,2,3
686,34.33,23.83,1,0,1,79.59,1,0.15,0,1,1,2,2
687,42.04,50.29,1,1,1,9.16,1,0.15,1,0,1,3,2
688,95.92,50.53,0,0,1,70.67,0,0.15,0,0,1,1,1
689,75.2,58.26,1,1,0,80.89,0,0.15,1,1,0,2,2
690,54.09,39.51,1,1,1,58.15,0,0.15,1,1,1,3,3
691,28.45,78.69,1,0,1,46.98,1,0.15,1,0,1,2,2
692,89.7,91.32,0,1,1,64.41,1,0.15,0,1,1,2,2
693,23.51,24.67,0,0,1,57.35,0,0.15,0,1,1,1,2
694,32.53,73.65,1,0,0,53.17,1,0.15,1,0,0,1,1
695,90.91,67.8,1,1,1,76.78,1,0.15,1,0,1,3,2
696,52.95,52.31,1,1,1,53.46,1,0.15,1,1,1,3,3
697,74.23,18.85,1,1,1,55.31,1,0.15,1,1,1,3,3
698,59.07,79.52,0,1,1,74.12,0,0.15,0,1,1,2,2
699,65.34,96.06,0,1,1,78.22,0,0.15,0,1,1,2,2
700,29.94,72.18,1,0,0,41.64,0,0.15,1,0,0,1,1
701,24.14,91.79,0,1,0,57.42,1,0.15,0,0,0,1,0
702,32.25,98.42,0,0,1,62.85,0,0.15,0,0,1,1,1
703,15.54,35.21,1,0,1,68.07,1,0.15,1,0,1,2,2
704,87.43,63.82,1,1,1,75.31,1,0.15,1,1,1,3,3
705,28.32,47.39,0,0,1,87.8,0,0.15,0,0,1,1,1
706,56.15,98.66,0,1,1,41.86,1,0.15,0,1,0,2,1
707,79.2,9.38,0,1,0,57.86,1,0.15,0,1,0,1,1
708,78.38,41.24,1,1,1,61.72,0,0.15,1,1,1,3,3
709,43.84,87.55,0,1,1,43.68,1,0.15,0,1,1,2,2
710,47.63,28.41,1,0,1,93.94,0,0.15,1,0,1,2,2
711,99.47,78.78,1,0,0,92.67,1,0.15,1,0,0,1,1
712,67.46,38.28,1,0,1,60.49,0,0.15,0,0,1,2,1
713,81.46,98.0,0,0,1,57.03,1,0.15,0,1,0,1,1
714,90.26,88.35,0,1,0,83.34,0,0.15,1,1,0,1,2
715,78.76,30.13,0,0,1,91.06,0,0.15,1,0,1,1,2
716,18.52,77.02,0,1,1,20.47,1,0.15,0,1,1,2,2
717,56.22,33.69,1,0,1,50.41,0,0.15,0,0,1,2,1
718,10.19,60.64,1,1,1,72.38,0,0.15,1,1,0,3,2
719,65.29,65.85,0,0,1,47.14,0,0.15,0,0,0,1,0
720,95.53,82.96,0,1,1,60.73,1,0.15,0,1,1,2,2
721,51.27,2.45,1,0,1,77.41,0,0.15,1,0,1,2,2
722,43.3,22.02,1,1,1,61.47,1,0.15,1,1,1,3,3
723,3.58,71.19,0,1,1,42.63,1,0.15,0,0,1,2,1
724,95.98,56.35,1,1,1,80.14,0,0.15,1,1,1,3,3
725,10.3,49.56,1,1,1,78.09,0,0.15,1,1,0,3,2
726,4.11,5.52,1,0,1,67.59,0,0.15,1,0,1,2,2
727,24.61,34.83,0,1,0,57.8,0,0.15,0,0,0,1,0
728,6.55,86.51,0,0,0,64.24,0,0.15,0,0,0,0,0
729,45.51,3.09,1,0,1,79.51,0,0.15,0,0,0,2,0
730,51.61,39.64,0,0,1,100.0,0,0.15,0,0,1,1,1
731,31.26,94.51,0,1,1,64.4,1,0.15,1,1,1,2,3
732,5.1,5.09,1,1,0,82.71,0,0.15,0,1,0,2,1
733,11.16,74.97,0,0,1,55.02,0,0.15,0,0,1,1,1
734,38.45,25.76,1,1,1,63.23,0,0.15,0,1,1,3,2
735,6.05,86.66,0,0,1,59.75,0,0.15,0,0,0,1,0
736,69.82,74.61,0,0,1,59.16,1,0.15,0,0,1,1,1
737,20.7,88.57,0,0,0,51.05,0,0.15,0,0,0,0,0
738,30.21,21.59,1,1,1,71.81,1,0.15,1,1,1,3,3
739,39.41,53.13,0,1,1,85.99,0,0.15,0,1,1,2,2
740,41.66,77.93,0,1,1,49.52,1,0.15,1,1,1,2,3
741,0.17,24.57,1,0,1,72.31,0,0.15,1,0,1,2,2
742,11.21,23.07,0,0,1,68.37,0,0.15,0,0,1,1,1
743,86.28,2.72,1,0,1,95.09,0,0.15,1,0,0,2,1
744,0.12,95.85,0,0,0,40.52,0,0.15,0,0,0,0,0
745,50.82,71.0,0,1,1,72.37,0,0.15,0,1,0,2,1
746,48.95,63.56,1,0,1,55.31,1,0.15,1,1,1,2,3
747,33.31,74.4,0,0,1,80.31,0,0.15,0,0,1,1,1
748,43.13,53.16,1,0,1,62.73,0,0.15,1,0,1,2,2
749,78.06,47.61,1,1,0,41.52,0,0.15,1,1,0,2,2
750,84.12,44.95,1,1,1,65.72,0,0.15,1,1,1,3,3
751,26.03,64.04,0,0,1,67.53,0,0.15,0,0,1,1,1
752,32.25,20.15,1,0,1,53.08,1,0.15,1,1,0,2,2
753,24.25,88.81,1,0,1,95.0,0,0.15,1,0,1,2,2
754,47.99,81.18,0,0,1,65.32,1,0.15,0,0,1,1,1
755,68.33,34.96,0,1,0,80.39,0,0.15,0,0,0,1,0
756,22.83,57.86,0,0,1,67.19,0,0.15,0,1,1,1,2
757,33.07,14.1,0,0,1,87.94,0,0.15,0,1,1,1,2
758,93.04,97.23,0,1,0,75.82,0,0.15,1,1,0,1,2
759,4.86,90.29,0,1,0,60.97,0,0.15,1,1,0,1,2
760,46.08,92.19,0,1,0,56.09,0,0.15,0,1,0,1,1
761,71.16,33.22,1,0,1,84.49,1,0.15,0,0,1,2,1
762,15.05,16.91,0,0,1,54.04,1,0.15,0,1,0,1,1
763,4.74,21.18,1,0,0,33.86,1,0.15,1,0,1,1,2
764,13.82,9.0,1,0,1,63.62,0,0.15,0,0,1,2,1
765,91.88,12.01,1,1,0,75.12,1,0.15,1,1,0,2,2
766,0.93,7.13,0,0,1,58.22,0,0.15,0,0,1,1,1
767,18.83,98.98,0,0,1,58.16,0,0.15,0,1,0,1,1
768,3.13,7.41,1,0,1,52.31,0,0.15,1,0,1,2,2
769,11.06,13.25,0,0,1,70.19,0,0.15,0,0,1,1,1
770,62.01,82.73,1,1,1,53.77,1,0.15,1,1,1,3,3
771,24.16,58.02,1,1,1,60.78,0,0.15,1,1,1,3,3
772,56.92,77.44,1,0,1,54.85,0,0.15,1,0,1,2,2
773,59.02,63.09,1,1,1,60.0,1,0.15,1,1,1,3,3
774,84.94,88.22,0,0,1,80.34,0,0.15,0,0,1,1,1
775,0.47,63.85,1,0,1,38.97,1,0.15,1,0,1,2,2
776,85.34,52.21,1,1,1,68.51,1,0.15,1,1,1,3,3
777,61.91,71.27,0,1,1,89.45,0,0.15,0,1,0,2,1
778,16.27,44.74,1,0,1,59.29,1,0.15,1,0,1,2,2
779,77.29,34.61,1,1,1,72.17,1,0.15,1,1,1,3,3
780,85.55,46.77,1,0,1,61.54,1,0.15,1,0,1,2,2
781,25.43,16.97,1,0,1,59.28,0,0.15,0,1,1,2,2
782,91.88,79.66,0,0,0,50.27,1,0.15,0,0,0,0,0
783,45.45,26.07,1,0,0,63.87,0,0.15,1,1,0,1,2
784,60.34,15.35,1,1,1,77.4,0,0.15,1,1,1,3,3
785,98.46,24.64,1,1,1,56.04,1,0.15,1,1,1,3,3
786,36.15,84.21,0,1,0,54.58,1,0.15,0,1,0,1,1
787,81.32,33.02,1,0,1,66.88,0,0.15,1,0,1,2,2
788,31.84,68.6,0,0,0,43.38,0,0.15,0,0,0,0,0
789,79.92,85.64,1,1,1,95.09,0,0.15,0,1,1,3,2
790,60.07,7.77,1,1,0,51.43,1,0.15,1,0,0,2,1
791,21.64,76.5,1,0,1,54.02,0,0.15,1,0,1,2,2
792,41.4,30.77,1,1,1,36.85,1,0.15,1,1,1,3,3
793,31.76,21.66,1,0,1,58.71,1,0.15,1,0,1,2,2
794,7.81,68.89,1,0,0,85.95,0,0.15,1,0,0,1,1
795,2.98,90.98,1,0,0,38.3,1,0.15,0,0,0,1,0
796,34.65,29.5,1,1,1,49.21,1,0.15,1,1,1,3,3
797,1.9,56.88,0,0,1,79.62,0,0.15,0,0,1,1,1
798,16.55,28.98,1,1,1,37.17,0,0.15,1,0,1,3,2
799,72.52,55.43,0,1,0,100.0,0,0.15,0,1,0,1,1
800,70.81,62.19,1,1,1,100.0,1,0.15,1,1,1,3,3
801,73.86,61.03,1,1,1,19.16,1,0.15,1,1,1,3,3
802,31.72,62.35,0,0,1,68.37,0,0.15,0,0,1,1,1
803,89.0,13.51,1,1,0,72.75,0,0.15,1,1,0,2,2
804,59.38,69.35,0,1,1,72.61,0,0.15,0,1,1,2,2
805,12.6,67.48,0,0,0,58.46,0,0.15,1,0,0,0,1
806,14.37,68.26,0,0,0,78.58,0,0.15,0,0,0,0,0
807,69.31,7.41,1,1,1,59.53,1,0.15,0,1,1,3,2
808,17.29,44.68,0,0,1,33.75,1,0.15,1,0,1,1,2
809,50.73,40.9,1,0,1,53.93,1,0.15,0,0,1,2,1
810,99.18,8.67,1,0,0,77.03,1,0.15,0,0,0,1,0
811,0.4,22.24,1,0,1,25.16,1,0.15,1,1,1,2,3
812,1.66,44.1,0,0,1,36.07,0,0.15,0,0,1,1,1
813,99.31,74.29,1,1,1,100.0,1,0.15,1,1,1,3,3
814,58.46,23.71,1,1,0,66.34,0,0.15,1,1,0,2,2
815,12.69,82.97,0,0,0,62.98,0,0.15,1,0,0,0,1
816,89.73,54.58,1,1,1,60.07,1,0.15,1,1,1,3,3
817,88.04,76.04,0,1,1,74.78,1,0.15,0,1,1,2,2
818,53.62,47.26,1,1,1,85.77,1,0.15,0,1,1,3,2
819,62.18,49.92,1,1,1,68.82,1,0.15,1,0,1,3,2
820,27.32,61.97,1,1,1,26.54,1,0.15,1,1,1,3,3
821,5.05,92.8,0,0,1,41.12,0,0.15,0,0,0,1,0
822,59.46,49.18,0,1,1,70.48,0,0.15,0,0,1,2,1
823,29.48,52.87,1,0,1,65.08,0,0.15,1,0,1,2,2
824,66.36,60.2,1,1,1,33.04,1,0.15,1,0,0,3,1
825,83.62,73.75,1,1,1,78.02,1,0.15,1,1,0,3,2
826,1.82,7.19,1,0,1,27.07,1,0.15,1,0,1,2,2
827,59.57,51.57,1,1,1,82.79,1,0.15,1,0,1,3,2
828,23.13,48.16,1,0,1,78.91,1,0.15,0,0,0,2,0
829,87.39,92.17,1,0,1,61.88,1,0.15,0,0,1,2,1
830,25.37,49.35,0,0,0,75.37,0,0.15,0,1,0,0,1
831,61.08,46.83,1,1,1,39.56,1,0.15,1,1,1,3,3
832,55.35,96.22,0,1,1,67.82,1,0.15,0,1,1,2,2
833,39.62,45.06,1,0,1,45.93,1,0.15,1,0,1,2,2
834,67.76,18.09,1,1,0,61.54,0,0.15,1,1,1,2,3
835,72.58,21.69,1,1,1,57.51,1,0.15,1,1,0,3,2
836,56.69,9.52,1,1,0,50.72,1,0.15,1,0,1,2,2
837,75.84,0.06,1,1,0,75.76,0,0.15,1,1,0,2,2
838,98.34,43.19,1,1,1,83.78,1,0.15,1,0,1,3,2
839,41.93,76.92,0,0,1,59.92,0,0.15,1,0,1,1,2
840,51.46,73.35,0,1,1,84.62,1,0.15,1,1,1,2,3
841,1.25,3.21,1,0,0,41.11,0,0.15,1,1,0,1,2
842,79.6,57.0,1,1,1,89.75,1,0.15,1,1,1,3,3
843,52.02,15.43,1,0,1,40.74,1,0.15,1,0,1,2,2
844,40.8,94.11,0,0,1,72.18,0,0.15,0,0,1,1,1
845,9.41,16.74,1,1,1,38.51,1,0.15,1,1,1,3,3
846,88.97,62.66,1,1,1,78.74,0,0.15,1,1,1,3,3
847,39.5,32.62,1,1,1,84.7,0,0.15,0,1,1,3,2
848,68.26,64.16,0,1,1,85.06,1,0.15,0,1,1,2,2
849,14.94,41.23,0,0,1,84.78,0,0.15,0,0,1,1,1
850,96.15,75.96,0,1,0,61.56,1,0.15,0,0,0,1,0
851,17.84,23.07,1,0,1,69.41,0,0.15,1,1,1,2,3
852,19.95,90.58,0,0,1,36.48,1,0.15,0,1,1,1,2
853,85.9,50.02,0,1,0,67.61,0,0.15,0,1,0,1,1
854,91.26,75.61,0,1,1,48.47,1,0.15,0,0,1,2,1
855,21.21,84.97,1,0,1,42.3,1,0.15,1,0,1,2,2
856,46.98,99.88,1,1,0,77.74,0,0.15,1,1,0,2,2
857,73.35,22.39,1,0,1,49.75,0,0.15,1,0,0,2,1
858,87.84,28.69,1,1,0,65.22,1,0.15,1,0,0,2,1
859,37.91,25.04,1,1,1,77.73,1,0.15,1,1,0,3,2
860,51.7,26.29,1,1,1,74.88,1,0.15,1,1,1,3,3
861,74.17,58.24,1,1,1,53.18,1,0.15,1,1,0,3,2
862,73.11,99.35,0,1,0,57.93,0,0.15,0,1,1,1,2
863,78.3,99.03,0,1,1,88.93,0,0.15,0,1,0,2,1
864,56.99,52.68,1,1,1,21.17,1,0.15,1,1,1,3,3
865,10.46,63.9,0,1,0,82.38,0,0.15,0,1,0,1,1
866,90.4,86.0,0,1,1,63.18,1,0.15,0,1,1,2,2
867,86.56,93.29,0,1,1,100.0,0,0.15,0,1,1,2,2
868,79.81,20.39,1,1,1,36.32,1,0.15,1,1,1,3,3
869,9.99,52.85,0,0,1,79.19,0,0.15,1,0,0,1,1
870,20.44,83.28,0,0,0,65.5,0,0.15,0,0,0,0,0
871,74.36,30.32,1,1,1,57.29,1,0.15,0,1,1,3,2
872,2.31,43.98,1,0,1,22.66,1,0.15,1,0,1,2,2
873,97.92,98.56,0,1,1,78.01,1,0.15,0,1,1,2,2
874,37.71,98.5,0,0,0,82.25,0,0.15,0,0,1,0,1
875,71.93,90.61,0,0,1,100.0,0,0.15,0,1,1,1,2
876,88.76,79.84,0,1,1,82.32,1,0.15,1,1,0,2,2
877,39.46,26.91,1,0,1,62.36,0,0.15,1,0,1,2,2
878,31.91,32.09,1,1,1,35.92,1,0.15,1,1,1,3,3
879,60.87,54.73,1,1,1,37.32,1,0.15,1,1,1,3,3
880,58.1,56.08,1,1,1,82.1,1,0.15,1,1,1,3,3
881,40.91,50.55,1,0,1,41.78,1,0.15,1,0,0,2,1
882,60.18,63.67,0,0,1,100.0,0,0.15,1,0,1,1,2
883,93.54,40.83,1,1,1,75.79,1,0.15,1,1,1,3,3
884,46.76,74.92,0,1,1,78.97,0,0.15,0,1,1,2,2
885,19.67,33.35,1,1,0,44.01,1,0.15,1,1,1,2,3
886,37.72,33.07,1,0,0,82.0,0,0.15,1,0,0,1,1
887,39.41,12.72,1,1,1,53.61,1,0.15,1,1,0,3,2
888,13.11,18.87,0,1,1,41.37,1,0.15,0,1,1,2,2
889,16.29,85.05,0,1,1,77.21,0,0.15,0,1,1,2,2
890,68.46,44.63,1,1,0,58.81,1,0.15,1,1,0,2,2
891,33.95,22.79,1,0,1,57.71,0,0.15,1,0,1,2,2
892,95.49,75.93,1,1,1,77.47,1,0.15,0,1,1,3,2
893,24.36,55.4,0,0,1,67.07,0,0.15,0,1,1,1,2
894,9.89,2.12,1,0,1,72.3,0,0.15,1,0,1,2,2
895,75.35,31.64,0,0,1,73.58,0,0.15,0,0,1,1,1
896,88.1,17.7,1,1,0,64.68,0,0.15,0,1,0,2,1
897,27.81,65.59,1,0,1,78.71,1,0.15,1,0,1,2,2
898,20.21,27.5,1,0,1,91.8,0,0.15,1,0,1,2,2
899,18.58,6.49,1,0,0,80.78,0,0.15,0,0,1,1,1
900,52.2,5.49,1,1,0,50.85,1,0.15,1,1,1,2,3
901,46.84,58.17,1,1,1,68.91,0,0.15,0,1,0,3,1
902,25.94,2.17,0,1,1,72.6,1,0.15,0,1,1,2,2
903,4.52,84.88,0,0,0,57.47,0,0.15,0,0,0,0,0
904,48.15,15.54,0,1,0,45.92,1,0.15,0,1,0,1,1
905,95.93,60.66,0,1,1,97.94,1,0.15,0,1,1,2,2
906,65.25,44.47,1,1,1,77.55,0,0.15,1,1,1,3,3
907,49.55,44.29,0,0,0,100.0,0,0.15,0,0,1,0,1
908,11.07,7.18,1,1,1,24.39,1,0.15,1,0,1,3,2
909,25.24,80.28,1,0,0,76.6,0,0.15,1,0,0,1,1
910,29.48,89.31,0,1,1,84.51,1,0.15,0,1,1,2,2
911,76.48,1.1,1,1,0,81.6,0,0.15,1,1,1,2,3
912,87.67,17.86,1,1,0,61.69,1,0.15,1,1,0,2,2
913,90.16,90.39,0,0,1,65.86,0,0.15,0,0,0,1,0
914,98.46,54.95,0,1,0,100.0,0,0.15,0,1,0,1,1
915,98.24,15.0,1,1,0,56.24,1,0.15,1,1,0,2,2
916,95.3,20.28,1,1,1,66.31,1,0.15,1,1,1,3,3
917,7.18,66.0,0,0,0,44.04,0,0.15,0,0,0,0,0
918,13.78,72.48,1,0,0,72.36,1,0.15,1,0,0,1,1
919,30.45,59.94,0,1,0,70.09,1,0.15,0,0,0,1,0
920,55.29,95.31,0,1,1,57.32,1,0.15,0,1,1,2,2
921,9.7,49.41,0,0,1,45.96,0,0.15,0,0,1,1,1
922,84.58,30.03,1,0,1,89.72,1,0.15,1,0,0,2,1
923,61.68,47.72,1,1,1,53.56,1,0.15,0,1,0,3,1
924,54.24,35.97,1,0,0,57.88,0,0.15,1,0,0,1,1
925,16.53,22.44,1,0,1,37.94,0,0.15,1,0,1,2,2
926,25.33,4.6,1,0,1,40.0,1,0.15,1,0,1,2,2
927,16.03,35.22,1,0,1,42.73,0,0.15,1,0,1,2,2
928,85.19,71.14,0,0,1,55.33,1,0.15,0,0,1,1,1
929,58.42,1.84,1,1,0,88.52,0,0.15,1,0,0,2,1
930,73.51,43.92,1,0,1,56.37,1,0.15,1,1,1,2,3
931,29.6,64.4,1,0,0,57.09,1,0.15,0,0,0,1,0
932,37.13,61.04,0,1,1,41.71,1,0.15,0,0,1,2,1
933,40.49,77.66,0,0,0,73.16,0,0.15,0,0,0,0,0
934,76.0,81.05,1,1,1,93.73,1,0.15,0,1,1,3,2
935,77.24,71.17,1,1,1,57.73,1,0.15,1,1,1,3,3
936,20.68,10.28,1,0,1,73.32,0,0.15,1,0,1,2,2
937,94.15,47.5,1,1,1,42.49,1,0.15,1,1,0,3,2
938,12.07,60.34,0,0,0,89.34,0,0.15,0,0,0,0,0
939,89.61,24.56,1,1,0,76.77,0,0.15,1,1,0,2,2
940,10.04,4.26,1,0,1,81.32,0,0.15,1,0,1,2,2
941,26.45,22.36,0,0,0,66.64,0,0.15,0,0,0,0,0
942,84.65,45.49,1,1,1,74.95,1,0.15,1,0,1,3,2
943,17.95,41.39,0,0,1,77.22,0,0.15,0,0,1,1,1
944,41.36,17.67,1,0,0,47.1,1,0.15,1,0,0,1,1
945,44.99,82.44,0,1,1,72.72,1,0.15,0,1,1,2,2
946,24.53,92.57,0,1,0,55.99,0,0.15,0,1,1,1,2
947,71.02,20.13,1,1,1,74.2,1,0.15,0,1,1,3,2
948,85.13,92.96,1,1,1,59.04,1,0.15,1,1,1,3,3
949,87.46,1.79,0,0,1,89.46,0,0.15,0,0,1,1,1
950,33.93,92.5,1,0,0,63.09,0,0.15,1,0,0,1,1
951,53.09,95.19,0,1,1,58.07,1,0.15,1,1,1,2,3
952,24.84,1.21,1,1,1,33.02,1,0.15,1,1,1,3,3
953,24.48,76.3,0,1,1,54.08,1,0.15,0,1,1,2,2
954,16.13,97.02,1,0,1,48.74,1,0.15,1,0,0,2,1
955,94.0,90.59,0,1,1,58.86,1,0.15,0,1,1,2,2
956,88.8,97.07,0,1,1,83.32,0,0.15,1,0,1,2,2
957,77.74,55.03,1,0,0,83.58,0,0.15,1,0,1,1,2
958,51.77,7.82,1,0,1,47.08,1,0.15,1,0,1,2,2
959,49.06,84.98,0,1,1,72.21,0,0.15,0,1,1,2,2
960,52.97,61.38,1,1,1,41.15,1,0.15,0,1,1,3,2
961,53.66,61.47,1,1,1,94.95,1,0.15,0,1,1,3,2
962,43.46,41.73,0,1,1,71.81,1,0.15,0,1,1,2,2
963,13.18,57.18,1,0,1,51.66,1,0.15,1,0,1,2,2
964,12.57,15.36,1,0,1,65.9,1,0.15,1,0,1,2,2
965,95.22,73.98,0,1,1,54.14,0,0.15,0,1,1,2,2
966,48.2,7.5,1,1,1,15.13,1,0.15,1,0,1,3,2
967,95.32,72.98,0,1,1,79.44,0,0.15,0,1,1,2,2
968,16.36,84.9,0,0,1,44.03,0,0.15,0,0,1,1,1
969,55.44,47.25,1,1,1,54.07,1,0.15,1,1,0,3,2
970,20.77,50.98,1,0,1,70.48,0,0.15,1,0,1,2,2
971,25.32,31.22,1,1,1,65.06,1,0.15,1,1,1,3,3
972,3.01,96.95,0,0,0,44.54,0,0.15,0,1,1,0,2
973,11.9,73.31,0,0,1,71.37,0,0.15,0,0,1,1,1
974,91.68,36.9,0,1,0,67.15,1,0.15,1,1,0,1,2
975,32.15,17.48,1,0,1,75.6,0,0.15,0,0,1,2,1
976,60.81,21.96,1,1,1,50.89,1,0.15,1,1,1,3,3
977,46.5,46.39,1,1,1,77.76,1,0.15,1,1,1,3,3
978,40.05,94.26,0,1,1,52.36,1,0.15,1,1,1,2,3
979,53.19,73.41,1,1,0,85.68,1,0.15,1,1,0,2,2
980,18.72,21.52,0,0,0,54.03,0,0.15,0,0,0,0,0
981,98.86,85.96,0,1,0,98.6,0,0.15,0,1,1,1,2
982,81.83,37.82,1,1,1,63.5,1,0.15,1,1,1,3,3
983,74.16,85.17,0,1,1,75.3,0,0.15,0,1,1,2,2
984,46.88,24.17,1,1,1,65.84,1,0.15,1,0,1,3,2
985,15.29,61.87,0,0,1,61.04,0,0.15,0,0,1,1,1
986,92.07,92.67,0,1,1,24.43,1,0.15,0,1,1,2,2
987,34.14,25.79,1,0,1,3.53,1,0.15,1,0,1,2,2
988,5.01,69.29,0,0,1,83.61,0,0.15,0,1,1,1,2
989,34.24,98.73,0,1,0,72.24,1,0.15,0,1,0,1,1
990,79.45,15.06,1,0,1,94.06,1,0.15,1,1,1,2,3
991,62.27,8.84,1,0,1,59.29,1,0.15,1,0,1,2,2
992,75.08,67.42,1,1,0,60.09,0,0.15,0,1,0,2,1
993,79.36,33.97,1,1,0,75.13,0,0.15,1,1,0,2,2
994,21.2,7.12,1,0,1,67.48,0,0.15,1,0,1,2,2
995,92.38,47.53,1,1,1,50.98,1,0.15,1,1,1,3,3
996,43.8,75.38,0,1,1,81.33,1,0.15,1,0,0,2,1
997,63.9,28.51,1,1,1,95.81,1,0.15,1,0,1,3,2
998,0.23,33.5,1,0,1,69.71,0,0.15,1,0,0,2,1
999,99.34,84.57,1,1,1,86.66,0,0.15,1,1,0,3,2
1000,28.09,52.01,1,0,1,48.3,0,0.15,1,0,1,2,2
